taxonID,name,imageURL
12326,Peltula euploca,https://mushroomobserver.org/images/640/290214.jpg
12326,Peltula euploca,https://mushroomobserver.org/images/640/522120.jpg
12326,Peltula euploca,https://mushroomobserver.org/images/640/522121.jpg
12326,Peltula euploca,https://mushroomobserver.org/images/640/522122.jpg
12326,Peltula euploca,https://mushroomobserver.org/images/640/522123.jpg
12326,Peltula euploca,https://mushroomobserver.org/images/640/522124.jpg
12326,Peltula euploca,https://mushroomobserver.org/images/640/522125.jpg
12326,Peltula euploca,https://mushroomobserver.org/images/640/522126.jpg
12326,Peltula euploca,https://mushroomobserver.org/images/640/522127.jpg
12326,Peltula euploca,https://mushroomobserver.org/images/640/522128.jpg
12326,Peltula euploca,https://mushroomobserver.org/images/640/584305.jpg
12326,Peltula euploca,https://mushroomobserver.org/images/640/584306.jpg
12326,Peltula euploca,https://mushroomobserver.org/images/640/584307.jpg
12326,Peltula euploca,https://mushroomobserver.org/images/640/584308.jpg
12326,Peltula euploca,https://mushroomobserver.org/images/640/700092.jpg
12326,Peltula euploca,https://mushroomobserver.org/images/640/700093.jpg
12326,Peltula euploca,https://mushroomobserver.org/images/640/859537.jpg
12326,Peltula euploca,https://mushroomobserver.org/images/640/859538.jpg
14148,Thamnolia subuliformis,https://mushroomobserver.org/images/640/97551.jpg
14148,Thamnolia subuliformis,https://mushroomobserver.org/images/640/97552.jpg
14148,Thamnolia subuliformis,https://mushroomobserver.org/images/640/97553.jpg
14148,Thamnolia subuliformis,https://mushroomobserver.org/images/640/97554.jpg
14148,Thamnolia subuliformis,https://mushroomobserver.org/images/640/97555.jpg
14148,Thamnolia subuliformis,https://mushroomobserver.org/images/640/97556.jpg
1441,Amanita volvata,https://mushroomobserver.org/images/640/162695.jpg
1441,Amanita volvata,https://mushroomobserver.org/images/640/162696.jpg
1441,Amanita volvata,https://mushroomobserver.org/images/640/162697.jpg
16580,Russula modesta,https://mushroomobserver.org/images/640/247608.jpg
16580,Russula modesta,https://mushroomobserver.org/images/640/247609.jpg
16580,Russula modesta,https://mushroomobserver.org/images/640/247610.jpg
16580,Russula modesta,https://mushroomobserver.org/images/640/247611.jpg
16580,Russula modesta,https://mushroomobserver.org/images/640/351634.jpg
16580,Russula modesta,https://mushroomobserver.org/images/640/351635.jpg
16580,Russula modesta,https://mushroomobserver.org/images/640/351636.jpg
16580,Russula modesta,https://mushroomobserver.org/images/640/351637.jpg
16580,Russula modesta,https://mushroomobserver.org/images/640/351638.jpg
16580,Russula modesta,https://mushroomobserver.org/images/640/351639.jpg
16580,Russula modesta,https://mushroomobserver.org/images/640/351641.jpg
16580,Russula modesta,https://mushroomobserver.org/images/640/351642.jpg
16580,Russula modesta,https://mushroomobserver.org/images/640/351643.jpg
16580,Russula modesta,https://mushroomobserver.org/images/640/351644.jpg
16580,Russula modesta,https://mushroomobserver.org/images/640/351645.jpg
16580,Russula modesta,https://mushroomobserver.org/images/640/351646.jpg
16580,Russula modesta,https://mushroomobserver.org/images/640/351647.jpg
16580,Russula modesta,https://mushroomobserver.org/images/640/351648.jpg
16580,Russula modesta,https://mushroomobserver.org/images/640/365605.jpg
16580,Russula modesta,https://mushroomobserver.org/images/640/365608.jpg
16580,Russula modesta,https://mushroomobserver.org/images/640/365609.jpg
16580,Russula modesta,https://mushroomobserver.org/images/640/365610.jpg
16580,Russula modesta,https://mushroomobserver.org/images/640/431189.jpg
16580,Russula modesta,https://mushroomobserver.org/images/640/431190.jpg
16580,Russula modesta,https://mushroomobserver.org/images/640/431191.jpg
22144,Ductifera pululahuana,https://mushroomobserver.org/images/640/56426.jpg
22144,Ductifera pululahuana,https://mushroomobserver.org/images/640/86619.jpg
22144,Ductifera pululahuana,https://mushroomobserver.org/images/640/107738.jpg
22144,Ductifera pululahuana,https://mushroomobserver.org/images/640/107739.jpg
22144,Ductifera pululahuana,https://mushroomobserver.org/images/640/107740.jpg
22144,Ductifera pululahuana,https://mushroomobserver.org/images/640/172697.jpg
22144,Ductifera pululahuana,https://mushroomobserver.org/images/640/146321.jpg
22144,Ductifera pululahuana,https://mushroomobserver.org/images/640/146322.jpg
22144,Ductifera pululahuana,https://mushroomobserver.org/images/640/146323.jpg
22144,Ductifera pululahuana,https://mushroomobserver.org/images/640/217925.jpg
22144,Ductifera pululahuana,https://mushroomobserver.org/images/640/228828.jpg
22144,Ductifera pululahuana,https://mushroomobserver.org/images/640/231736.jpg
22144,Ductifera pululahuana,https://mushroomobserver.org/images/640/231737.jpg
22144,Ductifera pululahuana,https://mushroomobserver.org/images/640/231738.jpg
22144,Ductifera pululahuana,https://mushroomobserver.org/images/640/231739.jpg
22144,Ductifera pululahuana,https://mushroomobserver.org/images/640/231740.jpg
22144,Ductifera pululahuana,https://mushroomobserver.org/images/640/258230.jpg
22144,Ductifera pululahuana,https://mushroomobserver.org/images/640/263835.jpg
22144,Ductifera pululahuana,https://mushroomobserver.org/images/640/292910.jpg
22144,Ductifera pululahuana,https://mushroomobserver.org/images/640/292911.jpg
22144,Ductifera pululahuana,https://mushroomobserver.org/images/640/292912.jpg
22144,Ductifera pululahuana,https://mushroomobserver.org/images/640/292913.jpg
22144,Ductifera pululahuana,https://mushroomobserver.org/images/640/334614.jpg
22144,Ductifera pululahuana,https://mushroomobserver.org/images/640/334615.jpg
22144,Ductifera pululahuana,https://mushroomobserver.org/images/640/334616.jpg
25348,Hypocreopsis rhododendri,https://mushroomobserver.org/images/640/348318.jpg
25795,Auriscalpium andinum,https://mushroomobserver.org/images/640/600938.jpg
25795,Auriscalpium andinum,https://mushroomobserver.org/images/640/600939.jpg
2599,Hygrophorus persoonii,https://mushroomobserver.org/images/640/125788.jpg
2599,Hygrophorus persoonii,https://mushroomobserver.org/images/640/395887.jpg
2599,Hygrophorus persoonii,https://mushroomobserver.org/images/640/395888.jpg
2599,Hygrophorus persoonii,https://mushroomobserver.org/images/640/395889.jpg
2599,Hygrophorus persoonii,https://mushroomobserver.org/images/640/395890.jpg
2599,Hygrophorus persoonii,https://mushroomobserver.org/images/640/395891.jpg
2599,Hygrophorus persoonii,https://mushroomobserver.org/images/640/395892.jpg
2599,Hygrophorus persoonii,https://mushroomobserver.org/images/640/395893.jpg
2599,Hygrophorus persoonii,https://mushroomobserver.org/images/640/395894.jpg
2599,Hygrophorus persoonii,https://mushroomobserver.org/images/640/395895.jpg
2599,Hygrophorus persoonii,https://mushroomobserver.org/images/640/395896.jpg
2599,Hygrophorus persoonii,https://mushroomobserver.org/images/640/395897.jpg
2599,Hygrophorus persoonii,https://mushroomobserver.org/images/640/396543.jpg
2599,Hygrophorus persoonii,https://mushroomobserver.org/images/640/396544.jpg
2599,Hygrophorus persoonii,https://mushroomobserver.org/images/640/396545.jpg
2599,Hygrophorus persoonii,https://mushroomobserver.org/images/640/396546.jpg
2599,Hygrophorus persoonii,https://mushroomobserver.org/images/640/396547.jpg
2599,Hygrophorus persoonii,https://mushroomobserver.org/images/640/397510.jpg
2599,Hygrophorus persoonii,https://mushroomobserver.org/images/640/397511.jpg
2599,Hygrophorus persoonii,https://mushroomobserver.org/images/640/397512.jpg
2599,Hygrophorus persoonii,https://mushroomobserver.org/images/640/397513.jpg
2599,Hygrophorus persoonii,https://mushroomobserver.org/images/640/698098.jpg
2599,Hygrophorus persoonii,https://mushroomobserver.org/images/640/698099.jpg
2599,Hygrophorus persoonii,https://mushroomobserver.org/images/640/698100.jpg
2599,Hygrophorus persoonii,https://mushroomobserver.org/images/640/703737.jpg
2834,Lentinellus cochleatus,https://mushroomobserver.org/images/640/178490.jpg
2834,Lentinellus cochleatus,https://mushroomobserver.org/images/640/178491.jpg
2834,Lentinellus cochleatus,https://mushroomobserver.org/images/640/178492.jpg
2834,Lentinellus cochleatus,https://mushroomobserver.org/images/640/178493.jpg
2834,Lentinellus cochleatus,https://mushroomobserver.org/images/640/178494.jpg
2834,Lentinellus cochleatus,https://mushroomobserver.org/images/640/207283.jpg
2834,Lentinellus cochleatus,https://mushroomobserver.org/images/640/207284.jpg
2834,Lentinellus cochleatus,https://mushroomobserver.org/images/640/393944.jpg
2834,Lentinellus cochleatus,https://mushroomobserver.org/images/640/393945.jpg
2834,Lentinellus cochleatus,https://mushroomobserver.org/images/640/393946.jpg
2834,Lentinellus cochleatus,https://mushroomobserver.org/images/640/393947.jpg
2834,Lentinellus cochleatus,https://mushroomobserver.org/images/640/540668.jpg
2834,Lentinellus cochleatus,https://mushroomobserver.org/images/640/540670.jpg
2834,Lentinellus cochleatus,https://mushroomobserver.org/images/640/698644.jpg
2834,Lentinellus cochleatus,https://mushroomobserver.org/images/640/702513.jpg
2834,Lentinellus cochleatus,https://mushroomobserver.org/images/640/702514.jpg
2834,Lentinellus cochleatus,https://mushroomobserver.org/images/640/778509.jpg
2834,Lentinellus cochleatus,https://mushroomobserver.org/images/640/778510.jpg
2834,Lentinellus cochleatus,https://mushroomobserver.org/images/640/905553.jpg
2834,Lentinellus cochleatus,https://mushroomobserver.org/images/640/905554.jpg
2834,Lentinellus cochleatus,https://mushroomobserver.org/images/640/905555.jpg
2834,Lentinellus cochleatus,https://mushroomobserver.org/images/640/905556.jpg
2834,Lentinellus cochleatus,https://mushroomobserver.org/images/640/938158.jpg
2834,Lentinellus cochleatus,https://mushroomobserver.org/images/640/938159.jpg
2834,Lentinellus cochleatus,https://mushroomobserver.org/images/640/977851.jpg
30862,Colpoma crispum,https://mushroomobserver.org/images/640/248128.jpg
30862,Colpoma crispum,https://mushroomobserver.org/images/640/248129.jpg
30862,Colpoma crispum,https://mushroomobserver.org/images/640/248130.jpg
30862,Colpoma crispum,https://mushroomobserver.org/images/640/248131.jpg
30862,Colpoma crispum,https://mushroomobserver.org/images/640/248132.jpg
30862,Colpoma crispum,https://mushroomobserver.org/images/640/248133.jpg
30862,Colpoma crispum,https://mushroomobserver.org/images/640/248134.jpg
30862,Colpoma crispum,https://mushroomobserver.org/images/640/282380.jpg
30862,Colpoma crispum,https://mushroomobserver.org/images/640/248160.jpg
30862,Colpoma crispum,https://mushroomobserver.org/images/640/248161.jpg
30862,Colpoma crispum,https://mushroomobserver.org/images/640/248175.jpg
30862,Colpoma crispum,https://mushroomobserver.org/images/640/248176.jpg
30862,Colpoma crispum,https://mushroomobserver.org/images/640/248177.jpg
30862,Colpoma crispum,https://mushroomobserver.org/images/640/248179.jpg
30862,Colpoma crispum,https://mushroomobserver.org/images/640/282381.jpg
30862,Colpoma crispum,https://mushroomobserver.org/images/640/545750.jpg
30862,Colpoma crispum,https://mushroomobserver.org/images/640/545751.jpg
30862,Colpoma crispum,https://mushroomobserver.org/images/640/545752.jpg
30862,Colpoma crispum,https://mushroomobserver.org/images/640/566751.jpg
30862,Colpoma crispum,https://mushroomobserver.org/images/640/566752.jpg
30862,Colpoma crispum,https://mushroomobserver.org/images/640/566753.jpg
30862,Colpoma crispum,https://mushroomobserver.org/images/640/566754.jpg
30862,Colpoma crispum,https://mushroomobserver.org/images/640/566755.jpg
31801,Tuber oligospermum,https://mushroomobserver.org/images/640/53746.jpg
31801,Tuber oligospermum,https://mushroomobserver.org/images/640/53747.jpg
3983,Leptoporus mollis,https://mushroomobserver.org/images/640/130123.jpg
3983,Leptoporus mollis,https://mushroomobserver.org/images/640/291727.jpg
3983,Leptoporus mollis,https://mushroomobserver.org/images/640/291728.jpg
3983,Leptoporus mollis,https://mushroomobserver.org/images/640/291729.jpg
3983,Leptoporus mollis,https://mushroomobserver.org/images/640/291730.jpg
3983,Leptoporus mollis,https://mushroomobserver.org/images/640/291731.jpg
3983,Leptoporus mollis,https://mushroomobserver.org/images/640/291732.jpg
3983,Leptoporus mollis,https://mushroomobserver.org/images/640/391871.jpg
3983,Leptoporus mollis,https://mushroomobserver.org/images/640/391872.jpg
3983,Leptoporus mollis,https://mushroomobserver.org/images/640/391873.jpg
3983,Leptoporus mollis,https://mushroomobserver.org/images/640/391874.jpg
3983,Leptoporus mollis,https://mushroomobserver.org/images/640/391875.jpg
3983,Leptoporus mollis,https://mushroomobserver.org/images/640/391876.jpg
3983,Leptoporus mollis,https://mushroomobserver.org/images/640/391877.jpg
3983,Leptoporus mollis,https://mushroomobserver.org/images/640/391878.jpg
3983,Leptoporus mollis,https://mushroomobserver.org/images/640/391879.jpg
3983,Leptoporus mollis,https://mushroomobserver.org/images/640/391880.jpg
3983,Leptoporus mollis,https://mushroomobserver.org/images/640/391881.jpg
3983,Leptoporus mollis,https://mushroomobserver.org/images/640/391882.jpg
3983,Leptoporus mollis,https://mushroomobserver.org/images/640/391883.jpg
3983,Leptoporus mollis,https://mushroomobserver.org/images/640/391884.jpg
3983,Leptoporus mollis,https://mushroomobserver.org/images/640/391885.jpg
3983,Leptoporus mollis,https://mushroomobserver.org/images/640/391886.jpg
3983,Leptoporus mollis,https://mushroomobserver.org/images/640/391887.jpg
3983,Leptoporus mollis,https://mushroomobserver.org/images/640/391903.jpg
50679,Ganoderma testaceum,https://mushroomobserver.org/images/640/227880.jpg
50679,Ganoderma testaceum,https://mushroomobserver.org/images/640/227881.jpg
50679,Ganoderma testaceum,https://mushroomobserver.org/images/640/227882.jpg
50679,Ganoderma testaceum,https://mushroomobserver.org/images/640/892447.jpg
50679,Ganoderma testaceum,https://mushroomobserver.org/images/640/892449.jpg
50679,Ganoderma testaceum,https://mushroomobserver.org/images/640/892450.jpg
50679,Ganoderma testaceum,https://mushroomobserver.org/images/640/892451.jpg
50679,Ganoderma testaceum,https://mushroomobserver.org/images/640/892452.jpg
50679,Ganoderma testaceum,https://mushroomobserver.org/images/640/892460.jpg
50679,Ganoderma testaceum,https://mushroomobserver.org/images/640/892461.jpg
58599,Phaeotremella foliacea,https://mushroomobserver.org/images/640/259735.jpg
58599,Phaeotremella foliacea,https://mushroomobserver.org/images/640/272211.jpg
58599,Phaeotremella foliacea,https://mushroomobserver.org/images/640/452677.jpg
58599,Phaeotremella foliacea,https://mushroomobserver.org/images/640/452678.jpg
58599,Phaeotremella foliacea,https://mushroomobserver.org/images/640/452679.jpg
58599,Phaeotremella foliacea,https://mushroomobserver.org/images/640/452680.jpg
58599,Phaeotremella foliacea,https://mushroomobserver.org/images/640/452681.jpg
58599,Phaeotremella foliacea,https://mushroomobserver.org/images/640/667544.jpg
58599,Phaeotremella foliacea,https://mushroomobserver.org/images/640/789113.jpg
58599,Phaeotremella foliacea,https://mushroomobserver.org/images/640/789114.jpg
58599,Phaeotremella foliacea,https://mushroomobserver.org/images/640/803267.jpg
63199,Lachnellula calyciformis,https://mushroomobserver.org/images/640/139288.jpg
63199,Lachnellula calyciformis,https://mushroomobserver.org/images/640/139289.jpg
63199,Lachnellula calyciformis,https://mushroomobserver.org/images/640/313178.jpg
63199,Lachnellula calyciformis,https://mushroomobserver.org/images/640/436815.jpg
63199,Lachnellula calyciformis,https://mushroomobserver.org/images/640/445136.jpg
63199,Lachnellula calyciformis,https://mushroomobserver.org/images/640/864494.jpg
63199,Lachnellula calyciformis,https://mushroomobserver.org/images/640/864496.jpg
63199,Lachnellula calyciformis,https://mushroomobserver.org/images/640/864497.jpg
63199,Lachnellula calyciformis,https://mushroomobserver.org/images/640/864498.jpg
63199,Lachnellula calyciformis,https://mushroomobserver.org/images/640/864499.jpg
63199,Lachnellula calyciformis,https://mushroomobserver.org/images/640/952954.jpg
63199,Lachnellula calyciformis,https://mushroomobserver.org/images/640/952955.jpg
63199,Lachnellula calyciformis,https://mushroomobserver.org/images/640/952956.jpg
63199,Lachnellula calyciformis,https://mushroomobserver.org/images/640/1026262.jpg
63199,Lachnellula calyciformis,https://mushroomobserver.org/images/640/1026263.jpg
63199,Lachnellula calyciformis,https://mushroomobserver.org/images/640/1026264.jpg
7608,Biatora chrysantha,https://mushroomobserver.org/images/640/235537.jpg
7608,Biatora chrysantha,https://mushroomobserver.org/images/640/235538.jpg
90629,Pholiota chocenensis,https://mushroomobserver.org/images/640/583353.jpg
90629,Pholiota chocenensis,https://mushroomobserver.org/images/640/583354.jpg
90629,Pholiota chocenensis,https://mushroomobserver.org/images/640/583358.jpg
90629,Pholiota chocenensis,https://mushroomobserver.org/images/640/583359.jpg
90629,Pholiota chocenensis,https://mushroomobserver.org/images/640/583362.jpg
90629,Pholiota chocenensis,https://mushroomobserver.org/images/640/583363.jpg
90629,Pholiota chocenensis,https://mushroomobserver.org/images/640/583364.jpg
90629,Pholiota chocenensis,https://mushroomobserver.org/images/640/583366.jpg
90629,Pholiota chocenensis,https://mushroomobserver.org/images/640/583367.jpg
90629,Pholiota chocenensis,https://mushroomobserver.org/images/640/583368.jpg
90629,Pholiota chocenensis,https://mushroomobserver.org/images/640/583369.jpg
90629,Pholiota chocenensis,https://mushroomobserver.org/images/640/583373.jpg
90629,Pholiota chocenensis,https://mushroomobserver.org/images/640/583374.jpg
90629,Pholiota chocenensis,https://mushroomobserver.org/images/640/583375.jpg
90629,Pholiota chocenensis,https://mushroomobserver.org/images/640/583376.jpg
90629,Pholiota chocenensis,https://mushroomobserver.org/images/640/583377.jpg
90629,Pholiota chocenensis,https://mushroomobserver.org/images/640/583378.jpg
90629,Pholiota chocenensis,https://mushroomobserver.org/images/640/583379.jpg
90629,Pholiota chocenensis,https://mushroomobserver.org/images/640/690253.jpg
90629,Pholiota chocenensis,https://mushroomobserver.org/images/640/690254.jpg
90629,Pholiota chocenensis,https://mushroomobserver.org/images/640/690255.jpg
90629,Pholiota chocenensis,https://mushroomobserver.org/images/640/690256.jpg
90629,Pholiota chocenensis,https://mushroomobserver.org/images/640/690257.jpg
90629,Pholiota chocenensis,https://mushroomobserver.org/images/640/695096.jpg
90629,Pholiota chocenensis,https://mushroomobserver.org/images/640/695097.jpg
9824,Hypogymnia duplicata,https://mushroomobserver.org/images/640/747405.jpg
9824,Hypogymnia duplicata,https://mushroomobserver.org/images/640/747406.jpg
9824,Hypogymnia duplicata,https://mushroomobserver.org/images/640/747407.jpg
9824,Hypogymnia duplicata,https://mushroomobserver.org/images/640/747408.jpg
9824,Hypogymnia duplicata,https://mushroomobserver.org/images/640/747409.jpg
9824,Hypogymnia duplicata,https://mushroomobserver.org/images/640/747410.jpg
10974,Leptogium corticola,https://mushroomobserver.org/images/640/81580.jpg
10974,Leptogium corticola,https://mushroomobserver.org/images/640/83380.jpg
10974,Leptogium corticola,https://mushroomobserver.org/images/640/83381.jpg
10974,Leptogium corticola,https://mushroomobserver.org/images/640/235226.jpg
10974,Leptogium corticola,https://mushroomobserver.org/images/640/235589.jpg
10974,Leptogium corticola,https://mushroomobserver.org/images/640/235590.jpg
10974,Leptogium corticola,https://mushroomobserver.org/images/640/235591.jpg
10974,Leptogium corticola,https://mushroomobserver.org/images/640/250670.jpg
10974,Leptogium corticola,https://mushroomobserver.org/images/640/250671.jpg
10974,Leptogium corticola,https://mushroomobserver.org/images/640/250672.jpg
10974,Leptogium corticola,https://mushroomobserver.org/images/640/250673.jpg
10974,Leptogium corticola,https://mushroomobserver.org/images/640/250674.jpg
10974,Leptogium corticola,https://mushroomobserver.org/images/640/250675.jpg
10974,Leptogium corticola,https://mushroomobserver.org/images/640/281965.jpg
10974,Leptogium corticola,https://mushroomobserver.org/images/640/281966.jpg
10974,Leptogium corticola,https://mushroomobserver.org/images/640/281967.jpg
10974,Leptogium corticola,https://mushroomobserver.org/images/640/282296.jpg
10974,Leptogium corticola,https://mushroomobserver.org/images/640/282297.jpg
10974,Leptogium corticola,https://mushroomobserver.org/images/640/282298.jpg
10974,Leptogium corticola,https://mushroomobserver.org/images/640/516557.jpg
10974,Leptogium corticola,https://mushroomobserver.org/images/640/516558.jpg
11460,Muellerella lichenicola,https://mushroomobserver.org/images/640/502372.jpg
11460,Muellerella lichenicola,https://mushroomobserver.org/images/640/502373.jpg
1461,Armillaria tabescens,https://mushroomobserver.org/images/640/16302.jpg
1461,Armillaria tabescens,https://mushroomobserver.org/images/640/16456.jpg
1461,Armillaria tabescens,https://mushroomobserver.org/images/640/53870.jpg
1461,Armillaria tabescens,https://mushroomobserver.org/images/640/53871.jpg
1461,Armillaria tabescens,https://mushroomobserver.org/images/640/53872.jpg
1461,Armillaria tabescens,https://mushroomobserver.org/images/640/83924.jpg
1461,Armillaria tabescens,https://mushroomobserver.org/images/640/222775.jpg
1461,Armillaria tabescens,https://mushroomobserver.org/images/640/107728.jpg
1461,Armillaria tabescens,https://mushroomobserver.org/images/640/107729.jpg
1461,Armillaria tabescens,https://mushroomobserver.org/images/640/108143.jpg
1461,Armillaria tabescens,https://mushroomobserver.org/images/640/127082.jpg
1461,Armillaria tabescens,https://mushroomobserver.org/images/640/127083.jpg
1461,Armillaria tabescens,https://mushroomobserver.org/images/640/127084.jpg
1461,Armillaria tabescens,https://mushroomobserver.org/images/640/127085.jpg
1461,Armillaria tabescens,https://mushroomobserver.org/images/640/135410.jpg
1461,Armillaria tabescens,https://mushroomobserver.org/images/640/214108.jpg
1461,Armillaria tabescens,https://mushroomobserver.org/images/640/214109.jpg
1461,Armillaria tabescens,https://mushroomobserver.org/images/640/214110.jpg
1461,Armillaria tabescens,https://mushroomobserver.org/images/640/151504.jpg
1461,Armillaria tabescens,https://mushroomobserver.org/images/640/151505.jpg
1461,Armillaria tabescens,https://mushroomobserver.org/images/640/151506.jpg
1461,Armillaria tabescens,https://mushroomobserver.org/images/640/151507.jpg
1461,Armillaria tabescens,https://mushroomobserver.org/images/640/168227.jpg
1461,Armillaria tabescens,https://mushroomobserver.org/images/640/168858.jpg
1461,Armillaria tabescens,https://mushroomobserver.org/images/640/169419.jpg
16010,Flammulaster muricatus,https://mushroomobserver.org/images/640/136245.jpg
16010,Flammulaster muricatus,https://mushroomobserver.org/images/640/136246.jpg
16010,Flammulaster muricatus,https://mushroomobserver.org/images/640/257434.jpg
16010,Flammulaster muricatus,https://mushroomobserver.org/images/640/257435.jpg
16010,Flammulaster muricatus,https://mushroomobserver.org/images/640/257436.jpg
16010,Flammulaster muricatus,https://mushroomobserver.org/images/640/257437.jpg
16010,Flammulaster muricatus,https://mushroomobserver.org/images/640/257438.jpg
16010,Flammulaster muricatus,https://mushroomobserver.org/images/640/257439.jpg
16010,Flammulaster muricatus,https://mushroomobserver.org/images/640/338908.jpg
16010,Flammulaster muricatus,https://mushroomobserver.org/images/640/338909.jpg
16010,Flammulaster muricatus,https://mushroomobserver.org/images/640/338910.jpg
16010,Flammulaster muricatus,https://mushroomobserver.org/images/640/338911.jpg
16010,Flammulaster muricatus,https://mushroomobserver.org/images/640/338912.jpg
16010,Flammulaster muricatus,https://mushroomobserver.org/images/640/344247.jpg
16010,Flammulaster muricatus,https://mushroomobserver.org/images/640/344248.jpg
16010,Flammulaster muricatus,https://mushroomobserver.org/images/640/344249.jpg
16010,Flammulaster muricatus,https://mushroomobserver.org/images/640/344250.jpg
16010,Flammulaster muricatus,https://mushroomobserver.org/images/640/344251.jpg
16010,Flammulaster muricatus,https://mushroomobserver.org/images/640/344252.jpg
16010,Flammulaster muricatus,https://mushroomobserver.org/images/640/344253.jpg
16010,Flammulaster muricatus,https://mushroomobserver.org/images/640/344254.jpg
16010,Flammulaster muricatus,https://mushroomobserver.org/images/640/344256.jpg
16010,Flammulaster muricatus,https://mushroomobserver.org/images/640/344257.jpg
16010,Flammulaster muricatus,https://mushroomobserver.org/images/640/344258.jpg
16010,Flammulaster muricatus,https://mushroomobserver.org/images/640/347864.jpg
16332,Gamundia striatula,https://mushroomobserver.org/images/640/204844.jpg
16332,Gamundia striatula,https://mushroomobserver.org/images/640/204845.jpg
16332,Gamundia striatula,https://mushroomobserver.org/images/640/204846.jpg
16332,Gamundia striatula,https://mushroomobserver.org/images/640/204847.jpg
16332,Gamundia striatula,https://mushroomobserver.org/images/640/303111.jpg
16332,Gamundia striatula,https://mushroomobserver.org/images/640/303112.jpg
16332,Gamundia striatula,https://mushroomobserver.org/images/640/303113.jpg
16332,Gamundia striatula,https://mushroomobserver.org/images/640/303114.jpg
16332,Gamundia striatula,https://mushroomobserver.org/images/640/303115.jpg
16332,Gamundia striatula,https://mushroomobserver.org/images/640/303116.jpg
16332,Gamundia striatula,https://mushroomobserver.org/images/640/303117.jpg
16332,Gamundia striatula,https://mushroomobserver.org/images/640/303118.jpg
16332,Gamundia striatula,https://mushroomobserver.org/images/640/303119.jpg
16332,Gamundia striatula,https://mushroomobserver.org/images/640/303884.jpg
16332,Gamundia striatula,https://mushroomobserver.org/images/640/303885.jpg
16332,Gamundia striatula,https://mushroomobserver.org/images/640/332580.jpg
16332,Gamundia striatula,https://mushroomobserver.org/images/640/332581.jpg
16332,Gamundia striatula,https://mushroomobserver.org/images/640/332582.jpg
19311,Chlorosplenium chlora,https://mushroomobserver.org/images/640/678226.jpg
19311,Chlorosplenium chlora,https://mushroomobserver.org/images/640/698870.jpg
20614,Ascocoryne cylichnium,https://mushroomobserver.org/images/640/61339.jpg
20614,Ascocoryne cylichnium,https://mushroomobserver.org/images/640/61340.jpg
20614,Ascocoryne cylichnium,https://mushroomobserver.org/images/640/61341.jpg
20614,Ascocoryne cylichnium,https://mushroomobserver.org/images/640/73597.jpg
20614,Ascocoryne cylichnium,https://mushroomobserver.org/images/640/73598.jpg
20614,Ascocoryne cylichnium,https://mushroomobserver.org/images/640/73599.jpg
20614,Ascocoryne cylichnium,https://mushroomobserver.org/images/640/73600.jpg
20614,Ascocoryne cylichnium,https://mushroomobserver.org/images/640/73601.jpg
20614,Ascocoryne cylichnium,https://mushroomobserver.org/images/640/73602.jpg
20614,Ascocoryne cylichnium,https://mushroomobserver.org/images/640/78008.jpg
20614,Ascocoryne cylichnium,https://mushroomobserver.org/images/640/78009.jpg
20614,Ascocoryne cylichnium,https://mushroomobserver.org/images/640/78010.jpg
20614,Ascocoryne cylichnium,https://mushroomobserver.org/images/640/78011.jpg
20614,Ascocoryne cylichnium,https://mushroomobserver.org/images/640/78012.jpg
20614,Ascocoryne cylichnium,https://mushroomobserver.org/images/640/78013.jpg
20614,Ascocoryne cylichnium,https://mushroomobserver.org/images/640/78014.jpg
20614,Ascocoryne cylichnium,https://mushroomobserver.org/images/640/78015.jpg
20614,Ascocoryne cylichnium,https://mushroomobserver.org/images/640/78016.jpg
20614,Ascocoryne cylichnium,https://mushroomobserver.org/images/640/173181.jpg
20614,Ascocoryne cylichnium,https://mushroomobserver.org/images/640/192392.jpg
20614,Ascocoryne cylichnium,https://mushroomobserver.org/images/640/192393.jpg
20614,Ascocoryne cylichnium,https://mushroomobserver.org/images/640/196118.jpg
20614,Ascocoryne cylichnium,https://mushroomobserver.org/images/640/196119.jpg
20614,Ascocoryne cylichnium,https://mushroomobserver.org/images/640/196120.jpg
20614,Ascocoryne cylichnium,https://mushroomobserver.org/images/640/196121.jpg
23942,Pholiota tuberculosa,https://mushroomobserver.org/images/640/208781.jpg
23942,Pholiota tuberculosa,https://mushroomobserver.org/images/640/208782.jpg
23942,Pholiota tuberculosa,https://mushroomobserver.org/images/640/208783.jpg
23942,Pholiota tuberculosa,https://mushroomobserver.org/images/640/227585.jpg
23942,Pholiota tuberculosa,https://mushroomobserver.org/images/640/227586.jpg
23942,Pholiota tuberculosa,https://mushroomobserver.org/images/640/227587.jpg
23942,Pholiota tuberculosa,https://mushroomobserver.org/images/640/239477.jpg
23942,Pholiota tuberculosa,https://mushroomobserver.org/images/640/239478.jpg
24736,Rhizomarasmius pyrrhocephalus,https://mushroomobserver.org/images/640/123389.jpg
24736,Rhizomarasmius pyrrhocephalus,https://mushroomobserver.org/images/640/146091.jpg
24736,Rhizomarasmius pyrrhocephalus,https://mushroomobserver.org/images/640/146092.jpg
24736,Rhizomarasmius pyrrhocephalus,https://mushroomobserver.org/images/640/146995.jpg
24736,Rhizomarasmius pyrrhocephalus,https://mushroomobserver.org/images/640/146996.jpg
24736,Rhizomarasmius pyrrhocephalus,https://mushroomobserver.org/images/640/146997.jpg
24736,Rhizomarasmius pyrrhocephalus,https://mushroomobserver.org/images/640/146998.jpg
24736,Rhizomarasmius pyrrhocephalus,https://mushroomobserver.org/images/640/218133.jpg
24736,Rhizomarasmius pyrrhocephalus,https://mushroomobserver.org/images/640/218311.jpg
24736,Rhizomarasmius pyrrhocephalus,https://mushroomobserver.org/images/640/250074.jpg
24736,Rhizomarasmius pyrrhocephalus,https://mushroomobserver.org/images/640/250075.jpg
24736,Rhizomarasmius pyrrhocephalus,https://mushroomobserver.org/images/640/250076.jpg
24736,Rhizomarasmius pyrrhocephalus,https://mushroomobserver.org/images/640/270134.jpg
24736,Rhizomarasmius pyrrhocephalus,https://mushroomobserver.org/images/640/335385.jpg
24736,Rhizomarasmius pyrrhocephalus,https://mushroomobserver.org/images/640/335386.jpg
24736,Rhizomarasmius pyrrhocephalus,https://mushroomobserver.org/images/640/335387.jpg
24736,Rhizomarasmius pyrrhocephalus,https://mushroomobserver.org/images/640/380657.jpg
24736,Rhizomarasmius pyrrhocephalus,https://mushroomobserver.org/images/640/438878.jpg
24736,Rhizomarasmius pyrrhocephalus,https://mushroomobserver.org/images/640/438879.jpg
24736,Rhizomarasmius pyrrhocephalus,https://mushroomobserver.org/images/640/484869.jpg
24736,Rhizomarasmius pyrrhocephalus,https://mushroomobserver.org/images/640/484870.jpg
24736,Rhizomarasmius pyrrhocephalus,https://mushroomobserver.org/images/640/493768.jpg
24736,Rhizomarasmius pyrrhocephalus,https://mushroomobserver.org/images/640/493769.jpg
24736,Rhizomarasmius pyrrhocephalus,https://mushroomobserver.org/images/640/493770.jpg
24736,Rhizomarasmius pyrrhocephalus,https://mushroomobserver.org/images/640/526174.jpg
29708,Exidiopsis calcea,https://mushroomobserver.org/images/640/204792.jpg
29708,Exidiopsis calcea,https://mushroomobserver.org/images/640/204793.jpg
29708,Exidiopsis calcea,https://mushroomobserver.org/images/640/231536.jpg
29708,Exidiopsis calcea,https://mushroomobserver.org/images/640/309317.jpg
29708,Exidiopsis calcea,https://mushroomobserver.org/images/640/309318.jpg
29708,Exidiopsis calcea,https://mushroomobserver.org/images/640/309319.jpg
29708,Exidiopsis calcea,https://mushroomobserver.org/images/640/309320.jpg
29708,Exidiopsis calcea,https://mushroomobserver.org/images/640/339267.jpg
29708,Exidiopsis calcea,https://mushroomobserver.org/images/640/339268.jpg
29708,Exidiopsis calcea,https://mushroomobserver.org/images/640/343677.jpg
29708,Exidiopsis calcea,https://mushroomobserver.org/images/640/343678.jpg
29708,Exidiopsis calcea,https://mushroomobserver.org/images/640/343679.jpg
29708,Exidiopsis calcea,https://mushroomobserver.org/images/640/343680.jpg
3394,Pluteus longistriatus,https://mushroomobserver.org/images/640/48815.jpg
3394,Pluteus longistriatus,https://mushroomobserver.org/images/640/48816.jpg
3394,Pluteus longistriatus,https://mushroomobserver.org/images/640/223559.jpg
3394,Pluteus longistriatus,https://mushroomobserver.org/images/640/223560.jpg
3394,Pluteus longistriatus,https://mushroomobserver.org/images/640/226813.jpg
3394,Pluteus longistriatus,https://mushroomobserver.org/images/640/227355.jpg
3394,Pluteus longistriatus,https://mushroomobserver.org/images/640/227356.jpg
3394,Pluteus longistriatus,https://mushroomobserver.org/images/640/233723.jpg
3394,Pluteus longistriatus,https://mushroomobserver.org/images/640/233724.jpg
3394,Pluteus longistriatus,https://mushroomobserver.org/images/640/233725.jpg
3394,Pluteus longistriatus,https://mushroomobserver.org/images/640/233781.jpg
3394,Pluteus longistriatus,https://mushroomobserver.org/images/640/233788.jpg
3394,Pluteus longistriatus,https://mushroomobserver.org/images/640/239942.jpg
3394,Pluteus longistriatus,https://mushroomobserver.org/images/640/239943.jpg
3394,Pluteus longistriatus,https://mushroomobserver.org/images/640/239944.jpg
3394,Pluteus longistriatus,https://mushroomobserver.org/images/640/239945.jpg
3394,Pluteus longistriatus,https://mushroomobserver.org/images/640/306932.jpg
3394,Pluteus longistriatus,https://mushroomobserver.org/images/640/306933.jpg
3394,Pluteus longistriatus,https://mushroomobserver.org/images/640/306934.jpg
3394,Pluteus longistriatus,https://mushroomobserver.org/images/640/335962.jpg
3394,Pluteus longistriatus,https://mushroomobserver.org/images/640/335963.jpg
3394,Pluteus longistriatus,https://mushroomobserver.org/images/640/335964.jpg
3394,Pluteus longistriatus,https://mushroomobserver.org/images/640/337334.jpg
3394,Pluteus longistriatus,https://mushroomobserver.org/images/640/337335.jpg
3394,Pluteus longistriatus,https://mushroomobserver.org/images/640/337336.jpg
393,Agaricus hondensis,https://mushroomobserver.org/images/640/691.jpg
393,Agaricus hondensis,https://mushroomobserver.org/images/640/69481.jpg
393,Agaricus hondensis,https://mushroomobserver.org/images/640/69482.jpg
393,Agaricus hondensis,https://mushroomobserver.org/images/640/71029.jpg
393,Agaricus hondensis,https://mushroomobserver.org/images/640/71317.jpg
393,Agaricus hondensis,https://mushroomobserver.org/images/640/71318.jpg
393,Agaricus hondensis,https://mushroomobserver.org/images/640/74491.jpg
393,Agaricus hondensis,https://mushroomobserver.org/images/640/99001.jpg
393,Agaricus hondensis,https://mushroomobserver.org/images/640/99002.jpg
393,Agaricus hondensis,https://mushroomobserver.org/images/640/99003.jpg
393,Agaricus hondensis,https://mushroomobserver.org/images/640/101513.jpg
393,Agaricus hondensis,https://mushroomobserver.org/images/640/101514.jpg
393,Agaricus hondensis,https://mushroomobserver.org/images/640/101515.jpg
393,Agaricus hondensis,https://mushroomobserver.org/images/640/124172.jpg
393,Agaricus hondensis,https://mushroomobserver.org/images/640/124173.jpg
393,Agaricus hondensis,https://mushroomobserver.org/images/640/124174.jpg
393,Agaricus hondensis,https://mushroomobserver.org/images/640/127903.jpg
393,Agaricus hondensis,https://mushroomobserver.org/images/640/157257.jpg
393,Agaricus hondensis,https://mushroomobserver.org/images/640/167636.jpg
393,Agaricus hondensis,https://mushroomobserver.org/images/640/167637.jpg
393,Agaricus hondensis,https://mushroomobserver.org/images/640/291671.jpg
393,Agaricus hondensis,https://mushroomobserver.org/images/640/298490.jpg
393,Agaricus hondensis,https://mushroomobserver.org/images/640/298491.jpg
393,Agaricus hondensis,https://mushroomobserver.org/images/640/300271.jpg
393,Agaricus hondensis,https://mushroomobserver.org/images/640/300272.jpg
43796,Bisporella resinicola,https://mushroomobserver.org/images/640/888749.jpg
43796,Bisporella resinicola,https://mushroomobserver.org/images/640/888750.jpg
44605,Lobariella reticulata,https://mushroomobserver.org/images/640/455855.jpg
44605,Lobariella reticulata,https://mushroomobserver.org/images/640/455856.jpg
44605,Lobariella reticulata,https://mushroomobserver.org/images/640/455857.jpg
44605,Lobariella reticulata,https://mushroomobserver.org/images/640/455858.jpg
44605,Lobariella reticulata,https://mushroomobserver.org/images/640/455859.jpg
59506,Butyriboletus floridanus,https://mushroomobserver.org/images/640/337982.jpg
59506,Butyriboletus floridanus,https://mushroomobserver.org/images/640/337983.jpg
59506,Butyriboletus floridanus,https://mushroomobserver.org/images/640/337984.jpg
59506,Butyriboletus floridanus,https://mushroomobserver.org/images/640/337985.jpg
59506,Butyriboletus floridanus,https://mushroomobserver.org/images/640/642106.jpg
59506,Butyriboletus floridanus,https://mushroomobserver.org/images/640/642107.jpg
59506,Butyriboletus floridanus,https://mushroomobserver.org/images/640/642108.jpg
59506,Butyriboletus floridanus,https://mushroomobserver.org/images/640/649191.jpg
59506,Butyriboletus floridanus,https://mushroomobserver.org/images/640/649192.jpg
59506,Butyriboletus floridanus,https://mushroomobserver.org/images/640/770527.jpg
59506,Butyriboletus floridanus,https://mushroomobserver.org/images/640/770528.jpg
59506,Butyriboletus floridanus,https://mushroomobserver.org/images/640/797924.jpg
59506,Butyriboletus floridanus,https://mushroomobserver.org/images/640/809483.jpg
59506,Butyriboletus floridanus,https://mushroomobserver.org/images/640/809484.jpg
59506,Butyriboletus floridanus,https://mushroomobserver.org/images/640/809485.jpg
59506,Butyriboletus floridanus,https://mushroomobserver.org/images/640/883875.jpg
64461,Cortinarius burlinghamiae,https://mushroomobserver.org/images/640/287463.jpg
64461,Cortinarius burlinghamiae,https://mushroomobserver.org/images/640/287464.jpg
794,Gloeophyllum,https://mushroomobserver.org/images/640/253179.jpg
794,Gloeophyllum,https://mushroomobserver.org/images/640/253180.jpg
794,Gloeophyllum,https://mushroomobserver.org/images/640/253181.jpg
794,Gloeophyllum,https://mushroomobserver.org/images/640/253182.jpg
794,Gloeophyllum,https://mushroomobserver.org/images/640/253187.jpg
794,Gloeophyllum,https://mushroomobserver.org/images/640/253188.jpg
794,Gloeophyllum,https://mushroomobserver.org/images/640/325715.jpg
794,Gloeophyllum,https://mushroomobserver.org/images/640/325716.jpg
794,Gloeophyllum,https://mushroomobserver.org/images/640/325717.jpg
794,Gloeophyllum,https://mushroomobserver.org/images/640/325718.jpg
9840,Hypogymnia schizidiata,https://mushroomobserver.org/images/640/717036.jpg